Time [ms],Measured Flow,Simple Moving Average Flow,Exponential Moving Average Flow
"20.0","4.4557","4.4557","4.4557"
"40.0","4.5062","4.5062","4.4649"
"60.0","5.1610","5.1610","4.5915"
"80.0","4.8090","4.8090","4.6310"
"100.0","4.5038","4.5038","4.6079"
"120.0","3.6282","3.6282","4.4298"
"140.0","3.7384","3.7384","4.3041"
"160.0","4.3779","4.3779","4.3175"
"180.0","4.2025","4.2025","4.2966"
"200.0","3.7711","4.3154","4.2010"
"220.0","2.7148","4.1413","3.9308"
"240.0","2.8445","3.9751","3.7333"
"260.0","3.5426","3.8133","3.6986"
"280.0","3.1864","3.6510","3.6055"
"300.0","2.8103","3.4817","3.4609"
"320.0","2.0260","3.3215","3.2000"
"340.0","2.3391","3.1815","3.0435"
"360.0","2.9325","3.0370","3.0233"
"380.0","3.0505","2.9218","3.0283"
"400.0","2.6338","2.8081","2.9565"
"420.0","2.1783","2.7544","2.8150"
"440.0","2.3527","2.7052","2.7310"
"460.0","2.8334","2.6343","2.7496"
"480.0","3.2638","2.6420","2.8431"
"500.0","3.0958","2.6706","2.8890"
"520.0","2.3645","2.7044","2.7937"
"540.0","2.6000","2.7305","2.7585"
"560.0","3.2242","2.7597","2.8431"
"580.0","3.4069","2.7953","2.9456"
"600.0","3.1696","2.8489","2.9864"
"620.0","2.5530","2.8864","2.9076"
"640.0","2.7240","2.9235","2.8742"
"660.0","3.4345","2.9836","2.9761"
"680.0","3.3199","2.9892","3.0386"
"700.0","2.4016","2.9198","2.9228"
"720.0","1.3184","2.8152","2.6311"
"740.0","1.4275","2.6980","2.4122"
"760.0","2.1100","2.5865","2.3573"
"780.0","2.0276","2.4486","2.2973"
"800.0","1.6148","2.2931","2.1732"
"820.0","0.8220","2.1200","1.9275"
"840.0","0.8753","1.9352","1.7362"
"860.0","1.6496","1.7567","1.7205"
"880.0","1.7245","1.5971","1.7212"
"900.0","1.1695","1.4739","1.6209"
"920.0","0.5878","1.4008","1.4330"
"940.0","0.5946","1.3176","1.2806"
"960.0","1.4972","1.2563","1.3200"
"980.0","1.4241","1.1959","1.3389"
"1000.0","0.9164","1.1261","1.2621"
"1020.0","0.3315","1.0770","1.0929"
"1040.0","0.5116","1.0407","0.9872"
"1060.0","1.2124","0.9970","1.0282"
"1080.0","1.1002","0.9345","1.0413"
"1100.0","0.7294","0.8905","0.9846"
"1120.0","0.1457","0.8463","0.8321"
"1140.0","0.2275","0.8096","0.7221"
"1160.0","0.6250","0.7224","0.7045"
"1180.0","0.8477","0.6648","0.7305"
"1200.0","0.3405","0.6072","0.6596"
"1220.0","-0.0293","0.5711","0.5343"
"1240.0","0.1257","0.5325","0.4600"
"1260.0","0.4726","0.4585","0.4623"
"1280.0","0.6270","0.4112","0.4923"
"1300.0","0.4295","0.3812","0.4808"
"1320.0","1.0005","0.4667","0.5753"
"1340.0","2.3472","0.6786","0.8975"
"1360.0","2.0341","0.8195","1.1041"
"1380.0","1.4559","0.8804","1.1681"
"1400.0","1.4439","0.9907","1.2182"
"1420.0","1.0444","1.0981","1.1866"
"1440.0","0.8930","1.1748","1.1332"
"1460.0","1.8309","1.3106","1.2601"
"1480.0","2.2719","1.4751","1.4440"
"1500.0","1.9843","1.6306","1.5423"
"1520.0","1.7237","1.7029","1.5753"
"1540.0","1.9259","1.6608","1.6390"
"1560.0","2.6941","1.7268","1.8308"
"1580.0","3.1370","1.8949","2.0683"
"1600.0","3.1838","2.0689","2.2711"
"1620.0","2.7224","2.2367","2.3532"
"1640.0","2.7628","2.4237","2.4276"
"1660.0","3.9418","2.6348","2.7029"
"1680.0","4.4523","2.8528","3.0210"
"1700.0","4.4992","3.1043","3.2898"
"1720.0","4.0524","3.3372","3.4284"
"1740.0","4.2681","3.5714","3.5811"
"1760.0","5.5465","3.8566","3.9385"
"1780.0","5.9148","4.1344","4.2978"
"1800.0","5.8035","4.3964","4.5716"
"1820.0","5.0491","4.6291","4.6584"
"1840.0","5.2195","4.8747","4.7604"
"1860.0","5.9418","5.0747","4.9752"
"1880.0","5.8484","5.2143","5.1340"
"1900.0","5.6034","5.3247","5.2193"
"1920.0","4.8037","5.3999","5.1437"
"1940.0","5.0239","5.4755","5.1219"
"1960.0","6.0092","5.5217","5.2833"
"1980.0","6.0457","5.5348","5.4219"
"2000.0","5.7364","5.5281","5.4791"
"2020.0","4.9119","5.5144","5.3760"
"2040.0","5.0438","5.4968","5.3156"
"2060.0","5.8014","5.4828","5.4039"
"2080.0","5.9857","5.4965","5.5097"
"2100.0","5.7416","5.5103","5.5518"
"2120.0","4.7929","5.5092","5.4138"
"2140.0","4.9717","5.5040","5.3335"
"2160.0","5.5071","5.4538","5.3650"
"2180.0","5.4575","5.3950","5.3818"
"2200.0","5.0605","5.3274","5.3234"
"2220.0","4.1678","5.2530","5.1133"
"2240.0","4.3942","5.1880","4.9826"
"2260.0","4.8350","5.0914","4.9557"
"2280.0","4.9964","4.9925","4.9631"
"2300.0","4.1783","4.8362","4.8204"
"2320.0","3.3573","4.6926","4.5544"
"2340.0","3.6204","4.5575","4.3846"
"2360.0","4.1266","4.4194","4.3377"
"2380.0","4.2068","4.2943","4.3139"
"2400.0","3.4791","4.1362","4.1621"
"2420.0","2.6736","3.9868","3.8915"
"2440.0","2.5462","3.8020","3.6469"
"2460.0","3.2934","3.6478","3.5826"
"2480.0","3.2129","3.4695","3.5154"
"2500.0","2.6446","3.3161","3.3571"
"2520.0","2.2074","3.2011","3.1480"
"2540.0","2.1746","3.0565","2.9710"
"2560.0","2.6934","2.9132","2.9206"
"2580.0","3.0226","2.7948","2.9391"
"2600.0","2.8308","2.7299","2.9194"
"2620.0","2.1788","2.6805","2.7848"
"2640.0","2.2273","2.6486","2.6834"
"2660.0","2.8190","2.6011","2.7081"
"2680.0","3.3251","2.6124","2.8203"
"2700.0","3.4139","2.6893","2.9282"
"2720.0","2.6476","2.7333","2.8772"
"2740.0","2.6570","2.7816","2.8372"
"2760.0","3.3906","2.8513","2.9378"
"2780.0","3.4976","2.8988","3.0396"
"2800.0","3.4904","2.9647","3.1215"
"2820.0","2.6243","3.0093","3.0311"
"2840.0","2.4726","3.0338","2.9296"
"2860.0","3.0289","3.0548","2.9476"
"2880.0","2.5814","2.9804","2.8811"
"2900.0","2.0780","2.8468","2.7350"
"2920.0","1.1008","2.6922","2.4379"
"2940.0","1.1341","2.5399","2.2008"
"2960.0","1.7187","2.3727","2.1132"
"2980.0","1.9071","2.2136","2.0757"
"3000.0","1.7219","2.0368","2.0114"
"3020.0","0.7071","1.8451","1.7742"
"3040.0","0.9629","1.6941","1.6267"
"3060.0","1.4726","1.5385","1.5987"
"3080.0","1.5705","1.4374","1.5936"
"3100.0","1.2475","1.3543","1.5306"
"3120.0","0.5033","1.2946","1.3439"
"3140.0","0.5944","1.2406","1.2076"
"3160.0","1.1366","1.1824","1.1947"
"3180.0","1.3665","1.1283","1.2259"
"3200.0","0.9246","1.0486","1.1711"
"3220.0","0.3461","1.0125","1.0211"
"3240.0","0.4017","0.9564","0.9085"
"3260.0","0.6208","0.8712","0.8562"
"3280.0","1.1712","0.8313","0.9135"
"3300.0","0.5679","0.7633","0.8506"
"3320.0","0.1790","0.7309","0.7285"
"3340.0","0.2283","0.6943","0.6376"
"3360.0","0.5533","0.6359","0.6223"
"3380.0","0.8612","0.5854","0.6657"
"3400.0","0.4783","0.5408","0.6316"
"3420.0","-0.2633","0.4798","0.4689"
"3440.0","-0.2401","0.4157","0.3400"
"3460.0","0.2649","0.3801","0.3264"
"3480.0","0.6178","0.3247","0.3793"
"3500.0","2.0005","0.4680","0.6741"
"3520.0","1.9089","0.6410","0.8986"
"3540.0","0.8582","0.7040","0.8913"
"3560.0","1.1321","0.7619","0.9350"
"3580.0","1.7443","0.8502","1.0822"
"3600.0","1.6538","0.9677","1.1861"
"3620.0","0.6716","1.0612","1.0926"
"3640.0","0.8863","1.1738","1.0551"
"3660.0","2.0721","1.3546","1.2400"
"3680.0","2.4446","1.5372","1.4590"
"3700.0","2.3925","1.5764","1.6287"
"3720.0","1.5752","1.5431","1.6190"
"3740.0","2.0374","1.6610","1.6951"
"3760.0","3.1199","1.8598","1.9541"
"3780.0","3.5330","2.0386","2.2412"
"3800.0","3.4840","2.2217","2.4672"
"3820.0","3.0071","2.4552","2.5653"
"3840.0","3.2680","2.6934","2.6931"
"3860.0","4.2888","2.9151","2.9832"
"3880.0","4.8757","3.1582","3.3273"
"3900.0","4.8197","3.4009","3.5987"
"3920.0","4.4406","3.6874","3.7517"
"3940.0","4.7650","3.9602","3.9360"
"3960.0","5.3718","4.1854","4.1970"
"3980.0","5.9022","4.4223","4.5071"
"4000.0","5.6399","4.6379","4.7130"
"4020.0","4.9970","4.8369","4.7646"
"4040.0","5.1501","5.0251","4.8347"
"4060.0","5.4541","5.1416","4.9474"
"4080.0","5.8795","5.2420","5.1168"
"4100.0","5.4568","5.3057","5.1787"
"4120.0","4.7283","5.3345","5.0968"
"4140.0","5.1081","5.3688","5.0988"
"4160.0","5.5487","5.3865","5.1806"
"4180.0","5.8935","5.3856","5.3102"
"4200.0","5.6637","5.3880","5.3745"
"4220.0","5.0807","5.3964","5.3211"
"4240.0","5.1700","5.3984","5.2936"
"4260.0","5.5133","5.4043","5.3336"
"4280.0","6.0323","5.4196","5.4606"
"4300.0","5.6166","5.4355","5.4890"
"4320.0","4.8783","5.4505","5.3779"
"4340.0","4.5277","5.3925","5.2233"
"4360.0","5.1944","5.3571","5.2181"
"4380.0","5.4756","5.3153","5.2649"
"4400.0","4.8864","5.2375","5.1961"
"4420.0","4.1754","5.1470","5.0105"
"4440.0","3.9462","5.0246","4.8170"
"4460.0","4.6435","4.9376","4.7854"
"4480.0","4.6234","4.7967","4.7560"
"4500.0","4.3110","4.6662","4.6751"
"4520.0","3.1765","4.4960","4.4026"
"4540.0","3.0695","4.3502","4.1602"
"4560.0","3.8074","4.2115","4.0961"
"4580.0","3.8832","4.0522","4.0574"
"4600.0","3.3319","3.8968","3.9255"
"4620.0","2.5797","3.7372","3.6808"
"4640.0","2.4043","3.5830","3.4487"
"4660.0","3.0879","3.4275","3.3831"
"4680.0","3.1274","3.2779","3.3366"
"4700.0","2.8696","3.1337","3.2517"
"4720.0","2.1267","3.0288","3.0472"
"4740.0","2.0976","2.9316","2.8745"
"4760.0","2.4962","2.8005","2.8057"
"4780.0","3.1010","2.7222","2.8594"
"4800.0","2.8840","2.6774","2.8639"
"4820.0","2.0717","2.6267","2.7199"
"4840.0","2.3619","2.6224","2.6548"
"4860.0","2.8174","2.5954","2.6843"
"4880.0","3.4542","2.6280","2.8243"
"4900.0","3.2539","2.6665","2.9024"
"4920.0","2.3689","2.6907","2.8054"
"4940.0","2.5026","2.7312","2.7504"
"4960.0","3.2326","2.8048","2.8380"
"4980.0","3.7111","2.8658","2.9968"
"5000.0","3.2533","2.9028","3.0434"
"5020.0","2.3519","2.9308","2.9177"
"5040.0","2.0261","2.8972","2.7556"
"5060.0","2.1394","2.8294","2.6435"
"5080.0","2.3588","2.7199","2.5918"
"5100.0","2.0774","2.6022","2.4983"
"5120.0","1.1946","2.4848","2.2612"
"5140.0","0.9126","2.3258","2.0160"
"5160.0","1.5838","2.1609","1.9374"
"5180.0","1.9691","1.9867","1.9432"
"5200.0","1.4251","1.8039","1.8490"
"5220.0","0.6571","1.6344","1.6323"
"5240.0","0.4749","1.4793","1.4219"
"5260.0","1.2662","1.3920","1.3936"
"5280.0","1.6067","1.3168","1.4323"
"5300.0","1.2480","1.2338","1.3988"
"5320.0","0.4028","1.1546","1.2177"
"5340.0","0.6216","1.1255","1.1093"
"5360.0","1.0896","1.0761","1.1057"
"5380.0","0.9646","0.9757","1.0801"
"5400.0","0.8613","0.9193","1.0403"
"5420.0","0.3110","0.8847","0.9077"
"5440.0","0.4913","0.8863","0.8320"
"5460.0","0.3378","0.7935","0.7421"
"5480.0","0.9269","0.7255","0.7757"
"5500.0","0.6246","0.6631","0.7482"
"5520.0","-0.1136","0.6115","0.5916"
"5540.0","-0.1107","0.5383","0.4639"
"5560.0","0.3052","0.4598","0.4350"
"5580.0","0.5372","0.4171","0.4536"
"5600.0","0.5692","0.3879","0.4746"
"5620.0","-0.2501","0.3318","0.3429"
"5640.0","-0.1217","0.2705","0.2584"
"5660.0","0.2752","0.2642","0.2615"
"5680.0","2.2434","0.3959","0.6218"
"5700.0","2.6282","0.5962","0.9866"
"5720.0","0.6927","0.6769","0.9332"
"5740.0","0.4638","0.7343","0.8478"
"5760.0","1.3266","0.8365","0.9349"
"5780.0","2.1635","0.9991","1.1582"
"5800.0","1.7632","1.1185","1.2682"
"5820.0","1.1509","1.2586","1.2469"
"5840.0","1.4168","1.4124","1.2778"
"5860.0","1.9752","1.5824","1.4046"
"5880.0","2.4909","1.6072","1.6021"
"5900.0","2.9903","1.6434","1.8545"
"5920.0","2.4203","1.8161","1.9574"
"5940.0","2.2941","1.9992","2.0186"
"5960.0","2.9088","2.1574","2.1805"
"5980.0","3.9147","2.3325","2.4958"
"6000.0","3.8552","2.5417","2.7429"
"6020.0","3.6075","2.7874","2.9001"
"6040.0","3.4288","2.9886","2.9962"
"6060.0","4.4797","3.2390","3.2660"
"6080.0","5.2384","3.5138","3.6246"
"6100.0","5.5024","3.7650","3.9660"
"6120.0","4.9371","4.0167","4.1426"
"6140.0","4.8163","4.2689","4.2651"
"6160.0","5.2188","4.4999","4.4385"
"6180.0","6.3462","4.7430","4.7853"
"6200.0","6.2559","4.9831","5.0527"
"6220.0","5.1319","5.1355","5.0671"
"6240.0","4.7756","5.2702","5.0141"
"6260.0","5.2751","5.3498","5.0616"
"6280.0","6.1021","5.4361","5.2507"
"6300.0","5.8415","5.4701","5.3582"
"6320.0","5.0615","5.4825","5.3042"
"6340.0","4.9929","5.5001","5.2476"
"6360.0","5.3780","5.5161","5.2713"
"6380.0","5.9465","5.4761","5.3941"
"6400.0","5.8227","5.4328","5.4720"
"6420.0","4.9020","5.4098","5.3684"
"6440.0","4.7034","5.4026","5.2475"
"6460.0","5.3132","5.4064","5.2594"
"6480.0","6.0113","5.3973","5.3961"
"6500.0","5.6457","5.3777","5.4415"
"6520.0","4.3906","5.3106","5.2504"
"6540.0","4.4272","5.2541","5.1007"
"6560.0","4.8868","5.2049","5.0618"
"6580.0","5.4337","5.1537","5.1294"
"6600.0","4.6955","5.0409","5.0505"
"6620.0","4.0030","4.9510","4.8601"
"6640.0","3.9689","4.8776","4.6980"
"6660.0","4.3030","4.7766","4.6262"
"6680.0","4.6939","4.6448","4.6385"
"6700.0","4.2512","4.5054","4.5681"
"6720.0","3.5010","4.4164","4.3741"
"6740.0","2.9372","4.2674","4.1128"
"6760.0","3.2929","4.1080","3.9638"
"6780.0","3.4533","3.9100","3.8709"
"6800.0","3.1542","3.7559","3.7406"
"6820.0","2.3791","3.5935","3.4931"
"6840.0","2.5012","3.4467","3.3127"
"6860.0","2.9088","3.3073","3.2393"
"6880.0","3.1929","3.1572","3.2308"
"6900.0","3.0085","3.0329","3.1904"
"6920.0","2.3362","2.9164","3.0351"
"6940.0","2.0972","2.8324","2.8646"
"6960.0","2.3405","2.7372","2.7693"
"6980.0","3.2959","2.7214","2.8650"
"7000.0","3.0486","2.7109","2.8984"
"7020.0","2.5114","2.7241","2.8280"
"7040.0","2.3778","2.7118","2.7462"
"7060.0","2.8239","2.7033","2.7603"
"7080.0","3.3874","2.7227","2.8743"
"7100.0","3.5182","2.7737","2.9914"
"7120.0","2.7323","2.8133","2.9443"
"7140.0","2.3748","2.8411","2.8407"
"7160.0","2.9802","2.9050","2.8661"
"7180.0","3.5117","2.9266","2.9835"
"7200.0","3.1938","2.9411","3.0217"
"7220.0","1.8543","2.8754","2.8095"
"7240.0","1.1102","2.7487","2.5005"
"7260.0","1.5774","2.6240","2.3327"
"7280.0","2.1857","2.5039","2.3059"
"7300.0","1.8737","2.3394","2.2274"
"7320.0","0.7720","2.1434","1.9627"
"7340.0","0.7864","1.9845","1.7489"
"7360.0","1.3581","1.8223","1.6778"
"7380.0","1.6932","1.6405","1.6806"
"7400.0","1.4613","1.4672","1.6407"
"7420.0","0.6271","1.3445","1.4564"
"7440.0","0.4864","1.2821","1.2801"
"7460.0","0.9326","1.2177","1.2169"
"7480.0","1.4898","1.1481","1.2665"
"7500.0","1.2200","1.0827","1.2581"
"7520.0","0.5379","1.0593","1.1271"
"7540.0","0.5040","1.0310","1.0138"
"7560.0","0.8942","0.9846","0.9921"
"7580.0","1.4475","0.9601","1.0749"
"7600.0","0.8246","0.8964","1.0294"
"7620.0","0.3291","0.8666","0.9021"
"7640.0","0.2214","0.8401","0.7783"
"7660.0","0.2660","0.7735","0.6852"
"7680.0","0.8862","0.7131","0.7217"
"7700.0","0.6662","0.6577","0.7116"
"7720.0","0.0383","0.6078","0.5892"
"7740.0","-0.0185","0.5555","0.4787"
"7760.0","0.0557","0.4717","0.4018"
"7780.0","0.6035","0.3872","0.4385"
"7800.0","0.4164","0.3464","0.4344"
"7820.0","-0.2780","0.2857","0.3049"
"7840.0","0.1174","0.2753","0.2708"
"7860.0","1.9893","0.4477","0.5833"
"7880.0","2.5487","0.6139","0.9406"
"7900.0","1.3245","0.6797","1.0104"
"7920.0","0.6831","0.7442","0.9509"
"7940.0","0.8624","0.8323","0.9348"
"7960.0","1.3335","1.3335","1.3335"
"7980.0","1.8374","1.8374","1.4252"
"8000.0","1.8299","1.8299","1.4987"
"8020.0","1.3889","1.3889","1.4788"
"8040.0","1.3427","1.3427","1.4540"
"8060.0","2.0408","2.0408","1.5607"
"8080.0","2.8574","2.8574","1.7965"
"8100.0","2.9866","2.9866","2.0129"
"8120.0","2.4457","2.4457","2.0916"
"8140.0","2.2637","2.2637","2.1229"
"8160.0","3.3734","3.3734","2.3502"
"8180.0","4.2210","4.2210","2.6904"
"8200.0","4.3706","4.3706","2.9959"
"8220.0","3.7946","3.7946","3.1411"
"8240.0","3.7807","3.7807","3.2574"
"8260.0","4.9358","4.9358","3.5626"
"8280.0","5.6932","5.6932","3.9499"
"8300.0","5.5227","5.5227","4.2359"
"8320.0","5.0243","5.0243","4.3793"
"8340.0","4.9843","4.9843","4.4893"
"8360.0","5.4684","5.4684","4.6673"
"8380.0","6.1433","6.1433","4.9356"
"8400.0","5.8926","5.8926","5.1096"
"8420.0","5.0984","5.0984","5.1076"
"8440.0","5.1126","5.1126","5.1085"
"8460.0","5.2591","5.2591","5.1359"
"8480.0","6.0052","6.0052","5.2939"
"8500.0","5.9964","5.9964","5.4217"
"8520.0","5.0468","5.0468","5.3535"
"8540.0","5.2274","5.2274","5.3306"
"8560.0","5.3135","5.3135","5.3275"
"8580.0","6.0806","6.0806","5.4644"
"8600.0","5.7870","5.7870","5.5231"
"8620.0","5.0768","5.0768","5.4419"
"8640.0","4.8787","4.8787","5.3395"
"8660.0","5.2583","5.2583","5.3248"
"8680.0","5.9800","5.9800","5.4439"
"8700.0","5.4510","5.4510","5.4452"
"8720.0","4.6470","4.6470","5.3001"
"8740.0","4.2918","4.2918","5.1167"
"8760.0","4.5976","4.5976","5.0223"
"8780.0","5.1551","5.1551","5.0465"
"8800.0","4.6951","4.6951","4.9826"
"8820.0","3.7780","3.7780","4.7636"
"8840.0","3.5629","3.5629","4.5453"
"8860.0","4.0007","4.0007","4.4463"
"8880.0","4.3893","4.3893","4.4359"
"8900.0","3.8269","3.8269","4.3252"
"8920.0","3.3029","3.3029","4.1393"
"8940.0","2.6341","2.6341","3.8656"
"8960.0","2.9245","2.9245","3.6945"
"8980.0","3.4601","3.4601","3.6519"
"9000.0","3.1193","3.1193","3.5551"
"9020.0","2.4016","2.4016","3.3454"
"9040.0","2.2412","2.2412","3.1446"
"9060.0","2.5059","2.5059","3.0285"
"9080.0","3.2084","3.2084","3.0612"
"9100.0","3.0040","3.0040","3.0508"
"9120.0","2.3813","2.3813","2.9291"
"9140.0","2.3367","2.3367","2.8214"
"9160.0","2.6965","2.6965","2.7986"
"9180.0","3.4306","3.4306","2.9136"
"9200.0","3.4814","3.4814","3.0168"
"9220.0","2.6965","2.6965","2.9586"
"9240.0","2.5529","2.5529","2.8848"
"9260.0","2.7331","2.7331","2.8572"
"9280.0","3.4999","3.4999","2.9741"
"9300.0","3.4244","3.4244","3.0560"
"9320.0","2.7847","2.7847","3.0066"
"9340.0","2.7439","2.7439","2.9589"
"9360.0","2.6600","2.6600","2.9045"
"9380.0","3.0652","3.0652","2.9337"
"9400.0","2.5490","2.5490","2.8638"
"9420.0","1.4202","1.4202","2.6013"
"9440.0","1.2840","1.2840","2.3618"
"9460.0","1.3333","1.3333","2.1748"
"9480.0","2.0571","2.0571","2.1534"
"9500.0","1.7511","1.7511","2.0803"
"9520.0","1.0735","1.0735","1.8972"
"9540.0","0.7364","0.7364","1.6862"
"9560.0","1.0724","1.0724","1.5746"
"9580.0","1.5681","1.5681","1.5734"
"9600.0","1.3169","1.3169","1.5267"
"9620.0","0.6364","0.6364","1.3649"
"9640.0","0.6559","0.6559","1.2360"
"9660.0","0.9827","0.9827","1.1899"
"9680.0","1.5153","1.5153","1.2491"
"9700.0","1.2476","1.2476","1.2488"
"9720.0","0.7415","0.7415","1.1566"
"9740.0","0.3248","0.3248","1.0053"
"9760.0","0.6953","0.6953","0.9490"
"9780.0","1.0747","1.0747","0.9718"
"9800.0","0.8179","0.8179","0.9438"
"9820.0","0.4280","0.4280","0.8501"
"9840.0","0.1384","0.1384","0.7207"
"9860.0","0.3637","0.3637","0.6558"
"9880.0","0.7632","0.7632","0.6753"
"9900.0","0.7196","0.7196","0.6834"
"9920.0","0.2723","0.2723","0.6086"
"9940.0","-0.2295","3.0465","0.4562"
"9960.0","0.1390","3.0345","0.3985"
"9980.0","0.5980","3.0221","0.4348"
"10000.0","0.4967","3.0088","0.4461"
"10020.0","0.5059","3.0000","0.4569"
"10040.0","1.6624","3.0032","0.6761"
"10060.0","1.7657","3.0004","0.8742"
"10080.0","1.5652","2.9875","0.9999"
"10100.0","1.6109","2.9737","1.1110"
"10120.0","1.0677","2.9600","1.1031"
"10140.0","0.9785","2.9471","1.0804"
"10160.0","1.3317","2.9267","1.1261"
"10180.0","2.3205","2.9077","1.3433"
"10200.0","2.4757","2.8887","1.5492"
"10220.0","1.8722","2.8695","1.6079"
"10240.0","1.7913","2.8496","1.6412"
"10260.0","2.3468","2.8237","1.7695"
"10280.0","3.1724","2.7985","2.0246"
"10300.0","3.3548","2.7768","2.2664"
"10320.0","2.9503","2.7561","2.3908"
"10340.0","3.0035","2.7363","2.5022"
"10360.0","3.3464","2.7151","2.6557"
"10380.0","4.5534","2.6992","3.0007"
"10400.0","4.8453","2.6887","3.3361"
"10420.0","4.4785","2.6825","3.5438"
"10440.0","4.2589","2.6740","3.6738"
"10460.0","4.8480","2.6698","3.8873"
"10480.0","6.0619","2.6704","4.2827"
"10500.0","5.9079","2.6695","4.5782"
"10520.0","5.5743","2.6748","4.7593"
"10540.0","5.2933","2.6755","4.8564"
"10560.0","5.4172","2.6765","4.9584"
"10580.0","6.1779","2.6775","5.1801"
"10600.0","5.9490","2.6791","5.3199"
"10620.0","5.6900","2.6852","5.3872"
"10640.0","5.0021","2.6865","5.3172"
"10660.0","5.2759","2.6866","5.3097"
"10680.0","6.0782","2.6876","5.4494"
"10700.0","6.1073","2.6942","5.5690"
"10720.0","5.3162","2.7009","5.5230"
"10740.0","4.9723","2.7077","5.4229"
"10760.0","5.4335","2.7160","5.4248"
"10780.0","6.0719","2.7252","5.5425"
"10800.0","5.9277","2.7375","5.6125"
"10820.0","5.3014","2.7528","5.5560"
"10840.0","4.9409","2.7665","5.4441"
"10860.0","4.9160","2.7757","5.3481"
"10880.0","5.5261","2.7871","5.3805"
"10900.0","5.5504","2.8043","5.4114"
"10920.0","4.6310","2.8176","5.2695"
"10940.0","4.0748","2.8320","5.0523"
"10960.0","4.1785","2.8445","4.8934"
"10980.0","4.9400","2.8593","4.9019"
"11000.0","4.6986","2.8751","4.8649"
"11020.0","3.8265","2.8894","4.6761"
"11040.0","3.5128","2.9021","4.4646"
"11060.0","3.6028","2.9130","4.3079"
"11080.0","4.0418","2.9214","4.2595"
"11100.0","3.7620","2.9290","4.1691"
"11120.0","2.7703","2.9329","3.9147"
"11140.0","2.4098","2.9336","3.6411"
"11160.0","2.7047","2.9337","3.4709"
"11180.0","3.4170","2.9335","3.4611"
"11200.0","3.2252","2.9310","3.4182"
"11220.0","2.6597","2.9306","3.2803"
"11240.0","2.1716","2.9268","3.0787"
"11260.0","2.5017","2.9245","2.9738"
"11280.0","3.2023","2.9215","3.0153"
"11300.0","3.1085","2.9183","3.0323"
"11320.0","2.5916","2.9164","2.9521"
"11340.0","2.2423","2.9114","2.8231"
"11360.0","2.6178","2.9110","2.7858"
"11380.0","3.5350","2.9157","2.9220"
"11400.0","3.3866","2.9240","3.0065"
"11420.0","3.0034","2.9399","3.0059"
"11440.0","2.6367","2.9534","2.9388"
"11460.0","2.8460","2.9685","2.9219"
"11480.0","3.6146","2.9841","3.0479"
"11500.0","3.7390","3.0040","3.1735"
"11520.0","3.0857","3.0241","3.1575"
"11540.0","2.4047","3.0408","3.0207"
"11560.0","2.2319","3.0524","2.8773"
"11580.0","2.4886","3.0616","2.8066"
"11600.0","2.2438","3.0709","2.7043"
"11620.0","1.8213","3.0827","2.5437"
"11640.0","1.0968","3.0871","2.2806"
"11660.0","1.2673","3.0900","2.0964"
"11680.0","1.9167","3.0940","2.0637"
"11700.0","1.7973","3.0995","2.0153"
"11720.0","1.2123","3.1042","1.8693"
"11740.0","0.6970","3.1079","1.6562"
"11760.0","0.9284","3.1102","1.5238"
"11780.0","1.7565","3.1171","1.5661"
"11800.0","1.3648","3.1225","1.5295"
"11820.0","0.8080","3.1263","1.3983"
"11840.0","0.4735","3.1297","1.2302"
"11860.0","0.5771","3.1318","1.1114"
"11880.0","0.9922","3.1341","1.0898"
"11900.0","1.1690","3.1386","1.1042"
"11920.0","0.4642","3.1405","0.9878"
"11940.0","0.2589","3.1454","0.8553"
"11960.0","0.4374","3.1484","0.7793"
"11980.0","0.9467","3.1519","0.8097"
"12000.0","1.0832","3.1577","0.8595"
"12020.0","0.4166","3.1568","0.7789"
"12040.0","0.0447","3.1407","0.6454"
"12060.0","0.1570","3.1246","0.5566"
"12080.0","0.6800","3.1157","0.5791"
"12100.0","0.5762","3.1054","0.5785"
"12120.0","0.1842","3.0965","0.5068"
"12140.0","-0.2401","3.0844","0.3710"
"12160.0","-0.1715","3.0693","0.2724"
"12180.0","0.5611","3.0517","0.3249"
"12200.0","1.5218","3.0422","0.5425"
"12220.0","1.9763","3.0432","0.8032"
"12240.0","1.1676","3.0370","0.8694"
"12260.0","0.5094","3.0186","0.8040"
"12280.0","1.7537","3.0044","0.9767"
"12300.0","1.9529","2.9904","1.1542"
"12320.0","1.2470","2.9734","1.1710"
"12340.0","1.0139","2.9535","1.1425"
"12360.0","1.4460","2.9345","1.1977"
"12380.0","2.4445","2.9134","1.4244"
"12400.0","2.5235","2.8902","1.6242"
"12420.0","2.4235","2.8696","1.7695"
"12440.0","1.9532","2.8466","1.8029"
"12460.0","2.3059","2.8211","1.8944"
"12480.0","3.4755","2.7953","2.1818"
"12500.0","3.6829","2.7730","2.4548"
"12520.0","3.4802","2.7521","2.6412"
"12540.0","3.1043","2.7302","2.7254"
"12560.0","3.7248","2.7133","2.9071"
"12580.0","4.8504","2.7000","3.2604"
"12600.0","5.2671","2.6932","3.6253"
"12620.0","4.8468","2.6847","3.8474"
"12640.0","4.4289","2.6790","3.9531"
"12660.0","5.0384","2.6766","4.1504"
"12680.0","5.9919","2.6758","4.4852"
"12700.0","5.9212","2.6739","4.7463"
"12720.0","5.6304","2.6771","4.9071"
"12740.0","4.9781","2.6771","4.9200"
"12760.0","5.3298","2.6761","4.9945"
"12780.0","5.8999","2.6744","5.1591"
"12800.0","6.0944","2.6760","5.3292"
"12820.0","5.6591","2.6796","5.3892"
"12840.0","5.0127","2.6803","5.3207"
"12860.0","5.3120","2.6843","5.3191"
"12880.0","6.0921","2.6899","5.4597"
"12900.0","6.2006","2.6964","5.5944"
"12920.0","5.6608","2.7067","5.6065"
"12940.0","5.0460","2.7165","5.5046"
"12960.0","5.1759","2.7264","5.4448"
"12980.0","5.9928","2.7370","5.5444"
"13000.0","5.8106","2.7481","5.5928"
"13020.0","5.2882","2.7627","5.5374"
"13040.0","4.6734","2.7743","5.3803"
"13060.0","4.5918","2.7842","5.2370"
"13080.0","5.4614","2.7984","5.2778"
"13100.0","5.2909","2.8137","5.2802"
"13120.0","4.5301","2.8313","5.1438"
"13140.0","3.9632","2.8468","4.9291"
"13160.0","3.7539","2.8573","4.7155"
"13180.0","4.6894","2.8700","4.7107"
"13200.0","4.5293","2.8831","4.6777"
"13220.0","3.7476","2.8939","4.5086"
"13240.0","3.2799","2.9050","4.2852"
"13260.0","3.3026","2.9130","4.1066"
"13280.0","3.7441","2.9185","4.0407"
"13300.0","3.6738","2.9241","3.9740"
"13320.0","2.9627","2.9278","3.7901"
"13340.0","2.2389","2.9278","3.5080"
"13360.0","2.6099","2.9277","3.3447"
"13380.0","3.0820","2.9232","3.2970"
"13400.0","3.0679","2.9200","3.2553"
"13420.0","2.5323","2.9153","3.1239"
"13440.0","2.1768","2.9107","2.9517"
"13460.0","2.3451","2.9057","2.8414"
"13480.0","3.1094","2.9006","2.8901"
"13500.0","3.0796","2.8940","2.9245"
"13520.0","2.9893","2.8931","2.9363"
"13540.0","2.2254","2.8913","2.8071"
"13560.0","2.6374","2.8953","2.7762"
"13580.0","3.3619","2.9041","2.8827"
"13600.0","3.5556","2.9172","3.0051"
"13620.0","3.0704","2.9297","3.0169"
"13640.0","2.5464","2.9442","2.9314"
"13660.0","2.8610","2.9601","2.9186"
"13680.0","3.4385","2.9753","3.0131"
"13700.0","3.5947","2.9933","3.1189"
"13720.0","3.0216","3.0114","3.1012"
"13740.0","1.9492","3.0239","2.8917"
"13760.0","1.6730","3.0313","2.6701"
"13780.0","2.0252","3.0340","2.5529"
"13800.0","2.3052","3.0434","2.5079"
"13820.0","1.4029","3.0494","2.3070"
"13840.0","0.8589","3.0532","2.0437"
"13860.0","0.8252","3.0557","1.8221"
"13880.0","1.7188","3.0630","1.8033"
"13900.0","1.6340","3.0676","1.7725"
"13920.0","1.1746","3.0747","1.6638"
"13940.0","0.5608","3.0778","1.4633"
"13960.0","0.7723","3.0811","1.3376"
"13980.0","1.3877","3.0855","1.3467"
"14000.0","1.4264","3.0890","1.3612"
"14020.0","0.7771","3.0926","1.2550"
"14040.0","0.3538","3.0956","1.0912"
"14060.0","0.4370","3.0984","0.9722"
"14080.0","0.9125","3.1008","0.9614"
"14100.0","1.1004","3.1060","0.9866"
"14120.0","0.5853","3.1100","0.9137"
"14140.0","0.1356","3.1138","0.7722"
"14160.0","0.1922","3.1174","0.6667"
"14180.0","0.8419","3.1202","0.6986"
"14200.0","0.7071","3.1121","0.7001"
"14220.0","0.6099","3.0984","0.6837"
"14240.0","-0.1410","3.0853","0.5338"
"14260.0","0.0042","3.0803","0.4375"
"14280.0","0.4840","3.0676","0.4459"
"14300.0","0.5569","3.0536","0.4661"
"14320.0","0.3219","3.0444","0.4399"
"14340.0","-0.4682","3.0296","0.2748"
"14360.0","-0.0625","3.0145","0.2135"
"14380.0","1.5403","3.0054","0.4547"
"14400.0","2.3425","3.0036","0.7980"
"14420.0","1.3752","2.9931","0.9029"
"14440.0","0.2181","2.9758","0.7784"
"14460.0","0.9079","2.9618","0.8019"
"14480.0","1.7487","2.9445","0.9741"
"14500.0","2.0050","2.9278","1.1615"
"14520.0","1.7058","2.9100","1.2605"
"14540.0","1.3218","2.8922","1.2716"
"14560.0","1.6012","2.8710","1.3316"
"14580.0","2.5434","2.8479","1.5519"
"14600.0","2.8773","2.8240","1.7929"
"14620.0","2.5110","2.8006","1.9234"
"14640.0","2.0353","2.7767","1.9438"
"14660.0","2.5960","2.7523","2.0624"
"14680.0","3.5629","2.7280","2.3352"
"14700.0","4.0298","2.7091","2.6433"
"14720.0","3.7410","2.6902","2.8429"
"14740.0","3.5605","2.6760","2.9734"
"14760.0","4.1322","2.6640","3.1840"
"14780.0","5.1409","2.6564","3.5398"
"14800.0","5.3268","2.6487","3.8647"
"14820.0","5.4221","2.6464","4.1479"
"14840.0","5.0221","2.6465","4.3069"
"14860.0","5.1509","2.6449","4.4603"
"14880.0","5.9762","2.6437","4.7359"
"14900.0","6.0529","2.6422","4.9754"
"14920.0","5.4798","2.6404","5.0671"
"14940.0","4.7957","2.6379","5.0178"
"14960.0","5.2809","2.6390","5.0656"
"14980.0","5.9321","2.6384","5.2231"
"15000.0","5.9381","2.6396","5.3531"
"15020.0","5.8246","2.6450","5.4388"
"15040.0","4.9091","2.6474","5.3425"
"15060.0","5.1827","2.6533","5.3135"
"15080.0","5.8753","2.6574","5.4156"
"15100.0","5.9189","2.6637","5.5071"
"15120.0","5.8987","2.6774","5.5783"
"15140.0","5.0475","2.6882","5.4818"
"15160.0","5.1092","2.7018","5.4140"
"15180.0","5.7526","2.7124","5.4756"
"15200.0","5.6963","2.7241","5.5157"
"15220.0","5.3928","2.7405","5.4934"
"15240.0","4.3191","2.7509","5.2799"
"15260.0","4.4328","2.7622","5.1259"
"15280.0","5.0422","2.7752","5.1107"
"15300.0","5.0531","2.7890","5.1002"
"15320.0","4.5916","2.8053","5.0077"
"15340.0","3.5609","2.8185","4.7447"
"15360.0","3.7185","2.8296","4.5581"
"15380.0","4.3308","2.8421","4.5168"
"15400.0","4.3459","2.8548","4.4857"
"15420.0","3.7863","2.8674","4.3585"
"15440.0","2.9870","2.8755","4.1092"
"15460.0","2.7520","2.8796","3.8624"
"15480.0","3.4205","2.8827","3.7821"
"15500.0","3.4411","2.8863","3.7201"
"15520.0","2.9047","2.8854","3.5718"
"15540.0","2.2180","2.8854","3.3257"
"15560.0","2.4502","2.8835","3.1665"
"15580.0","2.7979","2.8779","3.0995"
"15600.0","3.2912","2.8752","3.1344"
"15620.0","2.7746","2.8723","3.0689"
"15640.0","2.1627","2.8684","2.9042"
"15660.0","2.2717","2.8625","2.7892"
"15680.0","2.9913","2.8581","2.8259"
"15700.0","3.2835","2.8549","2.9091"
"15720.0","3.0312","2.8550","2.9313"
"15740.0","2.4722","2.8603","2.8478"
"15760.0","2.6151","2.8697","2.8055"
"15780.0","3.3334","2.8828","2.9015"
"15800.0","3.6223","2.8959","3.0326"
"15820.0","3.3402","2.9153","3.0885"
"15840.0","2.5642","2.9324","2.9932"
"15860.0","2.6510","2.9506","2.9310"
"15880.0","3.5044","2.9685","3.0352"
"15900.0","3.4003","2.9861","3.1016"
"15920.0","2.5874","3.0003","3.0081"
"15940.0","1.5895","3.0106","2.7502"
"15960.0","1.2150","3.0150","2.4711"
"15980.0","2.0379","3.0215","2.3923"
"16000.0","1.9231","3.0265","2.3070"
"16020.0","1.6657","3.0353","2.1904"
"16040.0","0.6329","3.0381","1.9072"
"16060.0","0.9204","3.0430","1.7278"
"16080.0","1.6054","3.0499","1.7056"
"16100.0","1.6125","3.0550","1.6886"
"16120.0","1.4622","3.0638","1.6475"
"16140.0","0.6574","3.0690","1.4675"
"16160.0","0.6371","3.0735","1.3165"
"16180.0","1.3391","3.0784","1.3206"
"16200.0","1.3103","3.0845","1.3187"
"16220.0","0.8257","3.0866","1.2291"
"16240.0","0.3199","3.0912","1.0638"
"16260.0","0.5414","3.0966","0.9688"
"16280.0","1.0687","3.1024","0.9870"
"16300.0","1.1312","3.1082","1.0132"
"16320.0","0.6180","3.1111","0.9413"
"16340.0","0.0758","3.1166","0.7840"
"16360.0","0.1874","3.1191","0.6755"
"16380.0","0.4467","3.1082","0.6339"
"16400.0","0.6886","3.0916","0.6438"
"16420.0","0.3337","3.0812","0.5875"
"16440.0","-0.1062","3.0780","0.4613"
"16460.0","0.0688","3.0696","0.3900"
"16480.0","0.3861","3.0559","0.3893"
"16500.0","0.6452","3.0423","0.4358"
"16520.0","0.2486","3.0278","0.4018"
"16540.0","0.0987","3.0155","0.3467"
"16560.0","1.1808","3.0113","0.4983"
"16580.0","1.8363","3.0043","0.7416"
"16600.0","1.4851","2.9903","0.8768"
"16620.0","1.0965","2.9762","0.9167"
"16640.0","0.6322","2.9622","0.8650"
"16660.0","0.7853","2.9441","0.8505"
"16680.0","1.6593","2.9250","0.9975"
"16700.0","2.1299","2.9060","1.2034"
"16720.0","2.0119","2.8887","1.3504"
"16740.0","1.4271","2.8674","1.3644"
"16760.0","1.6515","2.8426","1.4166"
"16780.0","2.7931","2.8191","1.6668"
"16800.0","3.0044","2.7959","1.9100"
"16820.0","3.0851","2.7725","2.1237"
"16840.0","2.6029","2.7483","2.2108"
"16860.0","2.8275","2.7251","2.3229"
"16880.0","3.8267","2.7036","2.5963"
"16900.0","4.4362","2.6874","2.9309"
"16920.0","4.4432","2.6771","3.2058"
"16940.0","4.0467","2.6696","3.3587"
"16960.0","4.3587","2.6603","3.5405"
"16980.0","5.5872","2.6569","3.9127"
"17000.0","6.0297","2.6578","4.2976"
"17020.0","5.8122","2.6577","4.5730"
"17040.0","5.1077","2.6597","4.6702"
"17060.0","5.2620","2.6605","4.7778"
"17080.0","5.6050","2.6578","4.9282"
"17100.0","6.1018","2.6596","5.1416"
"17120.0","5.7890","2.6585","5.2593"
"17140.0","5.0922","2.6589","5.2289"
"17160.0","5.1807","2.6597","5.2201"
"17180.0","5.5874","2.6580","5.2869"
"17200.0","6.2148","2.6632","5.4556"
"17220.0","5.9718","2.6690","5.5495"
"17240.0","5.0578","2.6764","5.4601"
"17260.0","5.2486","2.6845","5.4216"
"17280.0","5.8375","2.6925","5.4972"
"17300.0","6.3188","2.7051","5.6466"
"17320.0","5.7719","2.7169","5.6694"
"17340.0","4.9145","2.7305","5.5321"
"17360.0","4.9741","2.7430","5.4307"
"17380.0","5.6300","2.7560","5.4669"
"17400.0","5.7331","2.7699","5.5153"
"17420.0","5.2449","2.7845","5.4662"
"17440.0","4.2833","2.7974","5.2511"
"17460.0","4.1324","2.8113","5.0477"
"17480.0","4.7566","2.8246","4.9948"
"17500.0","5.1139","2.8413","5.0164"
"17520.0","4.3560","2.8559","4.8964"
"17540.0","3.4753","2.8684","4.6380"
"17560.0","3.5066","2.8790","4.4323"
"17580.0","4.1499","2.8925","4.3809"
"17600.0","4.2929","2.9025","4.3649"
"17620.0","3.7839","2.9126","4.2593"
"17640.0","2.6738","2.9177","3.9710"
"17660.0","2.7291","2.9223","3.7452"
"17680.0","3.3719","2.9261","3.6773"
"17700.0","3.4131","2.9274","3.6293"
"17720.0","2.9448","2.9265","3.5048"
"17740.0","2.1831","2.9237","3.2645"
"17760.0","2.0276","2.9178","3.0396"
"17780.0","2.9161","2.9136","3.0172"
"17800.0","3.2916","2.9103","3.0671"
"17820.0","2.9217","2.9061","3.0406"
"17840.0","2.1920","2.9024","2.8863"
"17860.0","2.3287","2.8992","2.7850"
"17880.0","2.8971","2.8931","2.8053"
"17900.0","3.4220","2.8933","2.9175"
"17920.0","3.1570","2.8990","2.9610"
"17940.0","2.4868","2.9080","2.8748"
"17960.0","2.6483","2.9223","2.8336"
"17980.0","3.0633","2.9326","2.8754"
"18000.0","3.6568","2.9499","3.0174"
"18020.0","3.4982","2.9682","3.1049"
"18040.0","2.7288","2.9892","3.0365"
"18060.0","2.6116","3.0061","2.9592"
"18080.0","2.6584","3.0166","2.9045"
"18100.0","2.8453","3.0290","2.8938"
"18120.0","2.2092","3.0364","2.7693"
"18140.0","1.2656","3.0425","2.4959"
"18160.0","1.3226","3.0494","2.2826"
"18180.0","1.5525","3.0515","2.1498"
"18200.0","1.9520","3.0579","2.1139"
"18220.0","1.6826","3.0665","2.0354"
"18240.0","0.7134","3.0704","1.7951"
"18260.0","0.6078","3.0711","1.5792"
"18280.0","1.4230","3.0746","1.5508"
"18300.0","1.5855","3.0792","1.5571"
"18320.0","0.9753","3.0827","1.4513"
"18340.0","0.4891","3.0869","1.2764"
"18360.0","0.4718","3.0897","1.1301"
"18380.0","1.0310","3.0956","1.1121"
"18400.0","1.2571","3.1012","1.1384"
"18420.0","0.9918","3.1078","1.1118"
"18440.0","0.2700","3.1116","0.9587"
"18460.0","0.2261","3.1132","0.8255"
"18480.0","0.8888","3.1182","0.8370"
"18500.0","0.9443","3.1212","0.8565"
"18520.0","0.6179","3.1249","0.8131"
"18540.0","0.1043","3.1249","0.6843"
"18560.0","-0.0369","3.1127","0.5531"
"18580.0","0.4908","3.0993","0.5418"
"18600.0","0.7716","3.0922","0.5836"
"18620.0","0.4288","3.0855","0.5554"
"18640.0","-0.2283","3.0769","0.4129"
"18660.0","-0.2302","3.0667","0.2960"
"18680.0","0.1441","3.0516","0.2684"
"18700.0","0.4714","3.0350","0.3053"
"18720.0","1.0345","3.0252","0.4379"
"18740.0","1.1354","3.0223","0.5647"
"18760.0","0.7006","3.0128","0.5894"
"18780.0","0.7585","2.9924","0.6202"
"18800.0","1.5877","2.9783","0.7961"
"18820.0","1.7160","2.9646","0.9633"
"18840.0","0.6016","2.9446","0.8976"
"18860.0","0.9782","2.9261","0.9122"
"18880.0","1.5792","2.9036","1.0335"
"18900.0","2.3991","2.8832","1.2818"
"18920.0","2.3083","2.8619","1.4684"
"18940.0","1.5602","2.8370","1.4851"
"18960.0","1.9812","2.8132","1.5753"
"18980.0","2.7575","2.7849","1.7902"
"19000.0","3.2790","2.7574","2.0609"
"19020.0","3.2851","2.7322","2.2835"
"19040.0","2.7492","2.7086","2.3682"
"19060.0","3.1769","2.6877","2.5152"
"19080.0","3.8296","2.6700","2.7542"
"19100.0","4.7182","2.6561","3.1113"
"19120.0","4.7071","2.6453","3.4014"
"19140.0","4.3571","2.6380","3.5752"
"19160.0","4.5507","2.6317","3.7525"
"19180.0","5.3466","2.6293","4.0424"
"19200.0","6.0536","2.6276","4.4081"
"19220.0","5.6636","2.6246","4.6363"
"19240.0","5.2091","2.6261","4.7405"
"19260.0","5.1928","2.6255","4.8227"
"19280.0","5.7700","2.6248","4.9949"
"19300.0","6.2099","2.6238","5.2159"
"19320.0","5.6630","2.6227","5.2972"
"19340.0","5.2236","2.6258","5.2838"
"19360.0","5.0417","2.6264","5.2398"
"19380.0","5.8643","2.6288","5.3533"
"19400.0","6.0134","2.6316","5.4733"
"19420.0","5.7908","2.6370","5.5311"
"19440.0","5.0960","2.6452","5.4519"
"19460.0","5.2165","2.6560","5.4091"
"19480.0","5.7111","2.6656","5.4640"
"19500.0","6.0917","2.6753","5.5782"
"19520.0","5.5067","2.6868","5.5652"
"19540.0","3.5618","2.6877","5.2009"
"19560.0","3.6327","2.6890","4.9158"
"19580.0","4.9101","2.6966","4.9147"
"19600.0","5.8080","2.7117","5.0772"
"19620.0","5.3272","2.7271","5.1226"
"19640.0","4.0639","2.7410","4.9301"
"19660.0","4.1152","2.7549","4.7820"
"19680.0","4.2848","2.7640","4.6916"
"19700.0","4.7137","2.7770","4.6956"
"19720.0","4.6019","2.7936","4.6785"
"19740.0","3.8758","2.8105","4.5326"
"19760.0","3.4288","2.8246","4.3319"
"19780.0","3.3122","2.8285","4.1465"
"19800.0","3.8459","2.8341","4.0919"
"19820.0","3.6475","2.8413","4.0111"
"19840.0","2.6255","2.8456","3.7591"
"19860.0","2.4092","2.8465","3.5137"
"19880.0","2.5700","2.8432","3.3421"
"19900.0","3.1989","2.8410","3.3161"
"19920.0","2.9417","2.8388","3.2480"
"19940.0","2.1360","2.8353","3.0458"
"19960.0","2.1289","2.8301","2.8791"
"19980.0","2.9002","2.8285","2.8829"
"20000.0","3.2832","2.8247","2.9557"
"20020.0","2.8282","2.8180","2.9325"
"20040.0","2.3689","2.8144","2.8301"
"20060.0","2.2218","2.8105","2.7195"
"20080.0","2.9668","2.8136","2.7644"
"20100.0","3.4182","2.8193","2.8833"
"20120.0","3.1530","2.8288","2.9323"
"20140.0","2.6666","2.8428","2.8840"
"20160.0","2.5634","2.8552","2.8257"
"20180.0","2.8222","2.8679","2.8251"
"20200.0","3.7580","2.8860","2.9947"
"20220.0","3.3178","2.9023","3.0534"
"20240.0","2.5742","2.9209","2.9663"
"20260.0","2.1221","2.9361","2.8128"
"20280.0","1.9811","2.9416","2.6616"
"20300.0","2.2126","2.9479","2.5800"
"20320.0","2.0386","2.9585","2.4815"
"20340.0","1.0795","2.9645","2.2266"
"20360.0","0.8628","2.9684","1.9786"
"20380.0","1.2720","2.9708","1.8502"
"20400.0","1.6010","2.9742","1.8049"
"20420.0","1.5429","2.9797","1.7572"
"20440.0","0.7403","2.9844","1.5723"
"20460.0","0.5932","2.9881","1.3943"
"20480.0","0.9880","2.9891","1.3204"
"20500.0","1.4904","2.9945","1.3513"
"20520.0","1.1631","3.0000","1.3171"
"20540.0","0.4134","3.0031","1.1528"
"20560.0","0.4792","3.0083","1.0303"
"20580.0","0.8204","3.0115","0.9922"
"20600.0","1.2116","3.0159","1.0321"
"20620.0","1.0799","3.0225","1.0408"
"20640.0","0.1338","3.0261","0.8759"
"20660.0","0.1978","3.0304","0.7526"
"20680.0","0.4119","3.0330","0.6906"
"20700.0","0.9280","3.0376","0.7338"
"20720.0","0.8171","3.0354","0.7489"
"20740.0","0.0523","3.0246","0.6223"
"20760.0","-0.0065","3.0175","0.5080"
"20780.0","0.2894","3.0128","0.4682"
"20800.0","0.8182","3.0051","0.5319"
"20820.0","0.4011","2.9920","0.5081"
"20840.0","-0.0418","2.9856","0.4081"
"20860.0","-0.2292","2.9735","0.2922"
"20880.0","0.1652","2.9593","0.2691"
"20900.0","1.6210","2.9516","0.5149"
"20920.0","1.9152","2.9476","0.7695"
"20940.0","0.7611","2.9396","0.7680"
"20960.0","0.2245","2.9221","0.6692"
"20980.0","0.8899","2.9034","0.7093"
"21000.0","1.9482","2.8901","0.9346"
"21020.0","1.5505","2.8727","1.0465"
"21040.0","1.2447","2.8577","1.0826"
"21060.0","1.3123","2.8391","1.1243"
"21080.0","1.6328","2.8171","1.2168"
"21100.0","2.6588","2.7965","1.4790"
"21120.0","2.8056","2.7775","1.7202"
"21140.0","2.2136","2.7560","1.8099"
"21160.0","2.1771","2.7323","1.8766"
"21180.0","2.6931","2.7058","2.0251"
"21200.0","3.7030","2.6823","2.3302"
"21220.0","3.9296","2.6649","2.6210"
"21240.0","3.4242","2.6471","2.7670"
"21260.0","3.4510","2.6297","2.8914"
"21280.0","4.2504","2.6145","3.1385"
"21300.0","5.2036","2.6044","3.5139"
"21320.0","5.1151","2.5989","3.8050"
"21340.0","4.7425","2.5941","3.9755"
"21360.0","4.7283","2.5910","4.1124"
"21380.0","5.3743","2.5861","4.3418"
"21400.0","6.1581","2.5875","4.6720"
"21420.0","6.0704","2.5903","4.9263"
"21440.0","5.0558","2.5899","4.9498"
"21460.0","4.8986","2.5867","4.9405"
"21480.0","5.5186","2.5848","5.0456"
"21500.0","5.9828","2.5837","5.2160"
"21520.0","5.8453","2.5871","5.3304"
"21540.0","5.0689","2.6022","5.2829"
"21560.0","5.1118","2.6170","5.2518"
"21580.0","5.5595","2.6235","5.3077"
"21600.0","6.1038","2.6264","5.4525"
"21620.0","6.0059","2.6332","5.5531"
"21640.0","5.3321","2.6459","5.5129"
"21660.0","5.1702","2.6564","5.4506"
"21680.0","5.4401","2.6680","5.4487"
"21700.0","6.1795","2.6827","5.5816"
"21720.0","5.6537","2.6932","5.5947"
"21740.0","4.6737","2.7012","5.4272"
"21760.0","4.6462","2.7133","5.2852"
"21780.0","4.7417","2.7276","5.1864"
"21800.0","5.4684","2.7438","5.2377"
"21820.0","5.1552","2.7589","5.2227"
"21840.0","4.4308","2.7770","5.0787"
"21860.0","3.9631","2.7925","4.8759"
"21880.0","3.9650","2.8065","4.7102"
"21900.0","4.8539","2.8230","4.7364"
"21920.0","4.3914","2.8375","4.6737"
"21940.0","3.4002","2.8502","4.4421"
"21960.0","3.0748","2.8596","4.1935"
"21980.0","3.1402","2.8620","4.0020"
"22000.0","3.6789","2.8660","3.9432"
"22020.0","3.3332","2.8710","3.8323"
"22040.0","2.4494","2.8718","3.5809"
"22060.0","2.2089","2.8717","3.3314"
"22080.0","2.4484","2.8665","3.1709"
"22100.0","3.2432","2.8648","3.1840"
"22120.0","3.0014","2.8632","3.1508"
"22140.0","2.0375","2.8570","2.9484"
"22160.0","2.1652","2.8530","2.8060"
"22180.0","2.6092","2.8508","2.7702"
"22200.0","3.1814","2.8451","2.8450"
"22220.0","3.0539","2.8424","2.8830"
"22240.0","2.3056","2.8398","2.7780"
"22260.0","2.2830","2.8414","2.6880"
"22280.0","2.8463","2.8500","2.7168"
"22300.0","3.3191","2.8611","2.8263"
"22320.0","3.3230","2.8739","2.9166"
"22340.0","2.8001","2.8911","2.8954"
"22360.0","2.5173","2.9077","2.8267"
"22380.0","3.1601","2.9266","2.8873"
"22400.0","3.5736","2.9463","3.0121"
"22420.0","3.2012","2.9629","3.0465"
"22440.0","2.1810","2.9773","2.8891"
"22460.0","1.5347","2.9867","2.6428"
"22480.0","1.6049","2.9929","2.4541"
"22500.0","2.3388","3.0013","2.4332"
"22520.0","1.9510","3.0092","2.3455"
"22540.0","1.3260","3.0183","2.1601"
"22560.0","0.9836","3.0234","1.9462"
"22580.0","0.9792","3.0250","1.7704"
"22600.0","1.7192","3.0301","1.7611"
"22620.0","1.6135","3.0354","1.7343"
"22640.0","0.7951","3.0420","1.5635"
"22660.0","0.7244","3.0473","1.4109"
"22680.0","0.8629","3.0518","1.3113"
"22700.0","1.6077","3.0586","1.3652"
"22720.0","1.2836","3.0632","1.3503"
"22740.0","0.5215","3.0679","1.1996"
"22760.0","0.3141","3.0711","1.0386"
"22780.0","0.5975","3.0742","0.9584"
"22800.0","1.3395","3.0794","1.0277"
"22820.0","0.9498","3.0849","1.0136"
"22840.0","0.4790","3.0901","0.9164"
"22860.0","0.1681","3.0941","0.7803"
"22880.0","0.3919","3.0964","0.7097"
"22900.0","0.8395","3.0886","0.7333"
"22920.0","0.6235","3.0756","0.7133"
"22940.0","0.0543","3.0686","0.5935"
"22960.0","-0.1630","3.0647","0.4560"
"22980.0","0.2834","3.0586","0.4246"
"23000.0","0.4449","3.0436","0.4283"
"23020.0","0.3792","3.0319","0.4194"
"23040.0","-0.0017","3.0194","0.3428"
"23060.0","-0.1026","3.0053","0.2618"
"23080.0","1.0729","2.9997","0.4093"
"23100.0","1.8746","2.9918","0.6757"
"23120.0","1.1203","2.9750","0.7565"
"23140.0","0.6131","2.9590","0.7305"
"23160.0","0.5418","2.9426","0.6961"
"23180.0","0.8564","2.9243","0.7253"
"23200.0","1.9314","2.9065","0.9446"
"23220.0","2.1120","2.8884","1.1568"
"23240.0","1.6686","2.8708","1.2499"
"23260.0","1.4318","2.8506","1.2829"
"23280.0","1.9536","2.8276","1.4049"
"23300.0","3.0548","2.8062","1.7049"
"23320.0","2.9806","2.7848","1.9368"
"23340.0","2.5753","2.7631","2.0529"
"23360.0","2.6207","2.7421","2.1561"
"23380.0","3.1486","2.7198","2.3366"
"23400.0","4.4418","2.7026","2.7193"
"23420.0","4.5295","2.6872","3.0485"
"23440.0","3.8679","2.6754","3.1975"
"23460.0","3.8989","2.6654","3.3250"
"23480.0","4.4918","2.6551","3.5371"
"23500.0","5.5245","2.6505","3.8985"
"23520.0","5.8262","2.6503","4.2490"
"23540.0","5.0912","2.6505","4.4021"
"23560.0","5.2711","2.6521","4.5601"
"23580.0","5.4434","2.6510","4.7207"
"23600.0","6.2331","2.6523","4.9957"
"23620.0","5.9159","2.6514","5.1630"
"23640.0","5.2110","2.6501","5.1717"
"23660.0","4.9978","2.6484","5.1401"
"23680.0","5.2587","2.6466","5.1616"
"23700.0","6.1628","2.6464","5.3437"
"23720.0","5.8807","2.6487","5.4413"
"23740.0","5.6826","2.6588","5.4852"
"23760.0","5.1080","2.6634","5.4166"
"23780.0","5.6009","2.6720","5.4501"
"23800.0","6.0273","2.6776","5.5551"
"23820.0","5.9113","2.6852","5.6198"
"23840.0","5.3916","2.6948","5.5783"
"23860.0","5.1342","2.7065","5.4976"
"23880.0","5.2556","2.7194","5.4536"
"23900.0","6.1600","2.7324","5.5820"
"23920.0","5.6263","2.7448","5.5901"
"23940.0","5.0092","2.7609","5.4845"
"23960.0","4.5955","2.7761","5.3228"
"23980.0","4.7332","2.7920","5.2156"
"24000.0","5.3251","2.8085","5.2355"
"24020.0","5.0899","2.8261","5.2090"
"24040.0","4.2430","2.8440","5.0334"
"24060.0","3.8021","2.8599","4.8095"
"24080.0","3.9042","2.8745","4.6449"
"24100.0","4.5679","2.8877","4.6309"
"24120.0","4.2770","2.9005","4.5666"
"24140.0","3.4441","2.9145","4.3625"
"24160.0","2.9280","2.9222","4.1017"
"24180.0","3.0514","2.9266","3.9107"
"24200.0","3.5753","2.9305","3.8497"
"24220.0","3.3649","2.9336","3.7616"
"24240.0","2.5740","2.9363","3.5457"
"24260.0","2.2136","2.9356","3.3035"
"24280.0","2.3604","2.9308","3.1320"
"24300.0","2.9873","2.9275","3.1057"
"24320.0","3.1954","2.9262","3.1220"
"24340.0","2.4727","2.9229","3.0040"
"24360.0","1.9117","2.9169","2.8054"
"24380.0","2.3887","2.9091","2.7296"
"24400.0","3.3380","2.9068","2.8402"
"24420.0","3.1415","2.9062","2.8950"
"24440.0","2.5040","2.9094","2.8239"
"24460.0","2.2702","2.9168","2.7232"
"24480.0","2.6087","2.9268","2.7024"
"24500.0","3.4171","2.9376","2.8324"
"24520.0","3.4716","2.9528","2.9486"
"24540.0","3.1007","2.9705","2.9762"
"24560.0","2.5463","2.9862","2.8981"
"24580.0","2.8180","3.0046","2.8835"
"24600.0","3.4696","3.0221","2.9901"
"24620.0","2.6849","3.0328","2.9346"
"24640.0","1.9276","3.0441","2.7515"
"24660.0","1.2563","3.0494","2.4796"
"24680.0","1.2681","3.0535","2.2594"
"24700.0","1.9383","3.0568","2.2010"
"24720.0","1.6760","3.0607","2.1055"
"24740.0","1.1827","3.0673","1.9377"
"24760.0","0.7793","3.0720","1.7271"
"24780.0","1.0618","3.0766","1.6061"
"24800.0","1.7625","3.0808","1.6346"
"24820.0","1.6178","3.0875","1.6315"
"24840.0","1.1034","3.0938","1.5355"
"24860.0","0.4844","3.0969","1.3444"
"24880.0","0.5844","3.0989","1.2062"
"24900.0","1.2763","3.1032","1.2189"
"24920.0","1.2630","3.1096","1.2269"
"24940.0","0.5883","3.1150","1.1108"
"24960.0","0.2630","3.1192","0.9567"
"24980.0","0.6073","3.1225","0.8931"
"25000.0","1.2141","3.1301","0.9515"
"25020.0","0.8881","3.1352","0.9400"
"25040.0","0.3570","3.1388","0.8340"
"25060.0","0.0546","3.1404","0.6923"
"25080.0","0.2299","3.1320","0.6082"
"25100.0","0.8141","3.1214","0.6457"
"25120.0","0.8077","3.1182","0.6751"
"25140.0","0.1206","3.1133","0.5743"
"25160.0","-0.1810","3.1061","0.4370"
"25180.0","-0.0350","3.0972","0.3512"
"25200.0","0.4511","3.0824","0.3693"
"25220.0","0.4767","3.0660","0.3889"
"25240.0","0.6858","3.0562","0.4429"
"25260.0","1.2866","3.0547","0.5963"
"25280.0","0.9326","3.0445","0.6574"
"25300.0","1.1924","3.0259","0.7547"
"25320.0","1.4025","3.0101","0.8725"
"25340.0","1.3107","2.9975","0.9521"
"25360.0","0.6315","2.9776","0.8938"
"25380.0","1.1105","2.9572","0.9332"
"25400.0","2.2343","2.9351","1.1698"
"25420.0","2.1898","2.9117","1.3552"
"25440.0","1.8853","2.8919","1.4516"
"25460.0","1.6218","2.8691","1.4826"
"25480.0","2.0719","2.8449","1.5897"
"25500.0","3.1705","2.8214","1.8771"
"25520.0","3.2329","2.7955","2.1236"
"25540.0","3.0861","2.7754","2.2986"
"25560.0","2.8301","2.7510","2.3953"
"25580.0","3.3368","2.7299","2.5665"
"25600.0","4.6375","2.7140","2.9430"
"25620.0","4.7626","2.7024","3.2738"
"25640.0","4.6492","2.6968","3.5239"
"25660.0","4.2448","2.6893","3.6550"
"25680.0","4.8100","2.6848","3.8650"
"25700.0","5.8441","2.6816","4.2248"
"25720.0","6.0417","2.6832","4.5552"
"25740.0","5.4886","2.6813","4.7249"
"25760.0","5.0914","2.6811","4.7915"
"25780.0","5.2774","2.6779","4.8798"
"25800.0","5.9038","2.6767","5.0660"
"25820.0","5.9047","2.6766","5.2185"
"25840.0","5.1636","2.6743","5.2085"
"25860.0","4.7716","2.6707","5.1291"
"25880.0","5.2238","2.6704","5.1463"
"25900.0","5.7255","2.6660","5.2516"
"25920.0","5.8712","2.6685","5.3643"
"25940.0","5.1765","2.6701","5.3301"
"25960.0","4.8658","2.6728","5.2457"
"25980.0","5.2798","2.6783","5.2519"
"26000.0","5.9229","2.6843","5.3739"
"26020.0","6.0006","2.6934","5.4879"
"26040.0","5.5131","2.7061","5.4924"
"26060.0","4.6492","2.7146","5.3391"
"26080.0","5.0371","2.7259","5.2842"
"26100.0","5.6290","2.7365","5.3469"
"26120.0","5.5194","2.7489","5.3783"
"26140.0","5.0215","2.7647","5.3134"
"26160.0","4.1901","2.7773","5.1092"
"26180.0","4.1798","2.7886","4.9402"
"26200.0","4.8862","2.8017","4.9304"
"26220.0","4.7414","2.8155","4.8960"
"26240.0","4.1483","2.8312","4.7601"
"26260.0","3.5103","2.8442","4.5328"
"26280.0","3.4344","2.8549","4.3331"
"26300.0","4.2872","2.8679","4.3248"
"26320.0","3.9480","2.8755","4.2563"
"26340.0","3.1770","2.8825","4.0600"
"26360.0","2.6211","2.8896","3.7984"
"26380.0","2.6051","2.8918","3.5814"
"26400.0","3.2768","2.8911","3.5261"
"26420.0","3.2480","2.8922","3.4755"
"26440.0","2.4298","2.8915","3.2854"
"26460.0","2.0521","2.8893","3.0611"
"26480.0","2.3934","2.8871","2.9397"
"26500.0","3.1220","2.8842","2.9729"
"26520.0","3.0149","2.8796","2.9805"
"26540.0","2.5794","2.8744","2.9076"
"26560.0","2.1567","2.8705","2.7711"
"26580.0","2.4300","2.8666","2.7091"
"26600.0","3.2992","2.8649","2.8164"
"26620.0","3.3105","2.8712","2.9062"
"26640.0","2.8713","2.8806","2.8999"
"26660.0","2.2298","2.8904","2.7780"
"26680.0","2.7936","2.9056","2.7809"
"26700.0","3.3436","2.9197","2.8832"
"26720.0","3.6576","2.9395","3.0240"
"26740.0","2.9900","2.9576","3.0178"
"26760.0","2.5147","2.9749","2.9263"
"26780.0","2.6983","2.9913","2.8849"
"26800.0","2.7040","3.0007","2.8520"
"26820.0","2.2810","3.0073","2.7482"
"26840.0","1.8794","3.0151","2.5902"
"26860.0","1.0448","3.0207","2.3092"
"26880.0","1.3230","3.0281","2.1299"
"26900.0","1.8612","3.0339","2.0810"
"26920.0","1.7948","3.0392","2.0290"
"26940.0","1.3274","3.0466","1.9014"
"26960.0","0.6634","3.0506","1.6763"
"26980.0","0.7333","3.0519","1.5049"
"27000.0","1.5630","3.0554","1.5154"
"27020.0","1.4925","3.0614","1.5113"
"27040.0","1.1426","3.0693","1.4442"
"27060.0","0.5657","3.0744","1.2845"
"27080.0","0.6041","3.0781","1.1608"
"27100.0","1.2187","3.0822","1.1713"
"27120.0","1.1382","3.0855","1.1653"
"27140.0","0.6545","3.0908","1.0724"
"27160.0","0.2836","3.0955","0.9290"
"27180.0","0.3798","3.0996","0.8291"
"27200.0","0.9984","3.1051","0.8599"
"27220.0","0.8626","3.1089","0.8604"
"27240.0","0.5419","3.1075","0.8025"
"27260.0","-0.0390","3.0943","0.6495"
"27280.0","0.0005","3.0849","0.5315"
"27300.0","0.8321","3.0813","0.5861"
"27320.0","0.7333","3.0746","0.6129"
"27340.0","0.3575","3.0651","0.5665"
"27360.0","-0.2407","3.0564","0.4197"
"27380.0","-0.1634","3.0436","0.3137"
"27400.0","0.6749","3.0280","0.3794"
"27420.0","1.8260","3.0244","0.6424"
"27440.0","1.6253","3.0218","0.8211"
"27460.0","0.3333","3.0089","0.7324"
"27480.0","0.5810","2.9940","0.7049"
"27500.0","1.5539","2.9779","0.8593"
"27520.0","1.7991","2.9635","1.0301"
"27540.0","1.2499","2.9452","1.0701"
"27560.0","0.7292","2.9241","1.0081"
"27580.0","1.5130","2.9059","1.0999"
"27600.0","2.2221","2.8818","1.3039"
"27620.0","2.5319","2.8594","1.5272"
"27640.0","2.4252","2.8372","1.6905"
"27660.0","1.8366","2.8131","1.7170"
"27680.0","2.4251","2.7893","1.8458"
"27700.0","3.2250","2.7631","2.0965"
"27720.0","3.6938","2.7396","2.3870"
"27740.0","3.6130","2.7208","2.6099"
"27760.0","3.3010","2.7029","2.7355"
"27780.0","3.8207","2.6884","2.9329"
"27800.0","4.6625","2.6760","3.2473"
"27820.0","5.0888","2.6678","3.5821"
"27840.0","5.0048","2.6662","3.8408"
"27860.0","4.6955","2.6655","3.9962"
"27880.0","5.0640","2.6639","4.1903"
"27900.0","5.9108","2.6657","4.5032"
"27920.0","6.0724","2.6677","4.7885"
"27940.0","5.6701","2.6727","4.9488"
"27960.0","4.8662","2.6727","4.9337"
"27980.0","5.0902","2.6708","4.9622"
"28000.0","6.0587","2.6721","5.1615"
"28020.0","6.0405","2.6725","5.3213"
"28040.0","5.5732","2.6731","5.3671"
"28060.0","5.1454","2.6781","5.3268"
"28080.0","5.1952","2.6797","5.3029"
"28100.0","6.1093","2.6845","5.4495"
"28120.0","6.1279","2.6906","5.5729"
"28140.0","5.4151","2.6945","5.5442"
"28160.0","5.0508","2.7031","5.4545"
"28180.0","5.1003","2.7123","5.3901"
"28200.0","5.8062","2.7215","5.4657"
"28220.0","5.7373","2.7315","5.5151"
"28240.0","5.1586","2.7416","5.4503"
"28260.0","4.5410","2.7519","5.2850"
"28280.0","4.6318","2.7638","5.1662"
"28300.0","5.4165","2.7751","5.2117"
"28320.0","5.3878","2.7895","5.2437"
"28340.0","4.9537","2.8073","5.1910"
"28360.0","3.9529","2.8206","4.9659"
"28380.0","4.1996","2.8366","4.8266"
"28400.0","4.5588","2.8494","4.7779"
"28420.0","4.5295","2.8622","4.7327"
"28440.0","4.2352","2.8803","4.6423"
"28460.0","3.2389","2.8921","4.3871"
"28480.0","3.3468","2.9017","4.1980"
"28500.0","3.7485","2.9079","4.1163"
"28520.0","3.7228","2.9150","4.0447"
"28540.0","3.1635","2.9208","3.8845"
"28560.0","2.2693","2.9220","3.5908"
"28580.0","2.4450","2.9221","3.3825"
"28600.0","3.1943","2.9211","3.3483"
"28620.0","3.2347","2.9203","3.3276"
"28640.0","2.7066","2.9187","3.2147"
"28660.0","2.1073","2.9174","3.0134"
"28680.0","2.4117","2.9136","2.9040"
"28700.0","3.0807","2.9110","2.9361"
"28720.0","3.3194","2.9076","3.0058"
"28740.0","2.9244","2.9070","2.9910"
"28760.0","2.3829","2.9056","2.8804"
"28780.0","2.4597","2.9033","2.8039"
"28800.0","3.4387","2.9106","2.9193"
"28820.0","3.5117","2.9229","3.0271"
"28840.0","3.0420","2.9345","3.0298"
"28860.0","2.6782","2.9509","2.9658"
"28880.0","2.6193","2.9638","2.9028"
"28900.0","3.6951","2.9822","3.0469"
"28920.0","3.6366","3.0006","3.1541"
"28940.0","3.0734","3.0180","3.1394"
"28960.0","2.1275","3.0327","2.9554"
"28980.0","1.8134","3.0435","2.7478"
"29000.0","1.9990","3.0478","2.6116"
"29020.0","2.3574","3.0565","2.5654"
"29040.0","1.8671","3.0637","2.4385"
"29060.0","1.0953","3.0690","2.1943"
"29080.0","1.0802","3.0738","1.9917"
"29100.0","1.7579","3.0792","1.9492"
"29120.0","1.6793","3.0846","1.9001"
"29140.0","1.3177","3.0912","1.7942"
"29160.0","0.6325","3.0947","1.5830"
"29180.0","0.8476","3.0994","1.4493"
"29200.0","1.3297","3.1027","1.4275"
"29220.0","1.3086","3.1072","1.4059"
"29240.0","1.1304","3.1131","1.3558"
"29260.0","0.4714","3.1182","1.1950"
"29280.0","0.4613","3.1228","1.0616"
"29300.0","1.1671","3.1261","1.0808"
"29320.0","1.0559","3.1293","1.0763"
"29340.0","0.9409","3.1352","1.0517"
"29360.0","0.2181","3.1398","0.9001"
"29380.0","0.3114","3.1445","0.7931"
"29400.0","0.7423","3.1452","0.7838"
"29420.0","1.0058","3.1370","0.8242"
"29440.0","0.5703","3.1264","0.7780"
"29460.0","-0.0511","3.1226","0.6273"
"29480.0","-0.0700","3.1161","0.5005"
"29500.0","0.3504","3.1040","0.4732"
"29520.0","0.5684","3.0917","0.4905"
"29540.0","0.2908","3.0822","0.4542"
"29560.0","-0.3364","3.0715","0.3105"
"29580.0","0.0540","3.0569","0.2638"
"29600.0","1.8689","3.0534","0.5557"
"29620.0","2.1970","3.0500","0.8541"
"29640.0","0.9278","3.0351","0.8675"
"29660.0","0.4487","3.0212","0.7913"
"29680.0","0.9300","3.0062","0.8166"
"29700.0","1.7272","2.9912","0.9821"
"29720.0","1.7729","2.9720","1.1259"
"29740.0","1.6484","2.9524","1.2209"
"29760.0","1.2660","2.9320","1.2291"
"29780.0","1.6877","2.9107","1.3125"
"29800.0","2.2199","2.8863","1.4775"
"29820.0","2.8663","2.8641","1.7300"
"29840.0","2.4768","2.8388","1.8658"
"29860.0","2.3093","2.8149","1.9464"
"29880.0","2.6764","2.7910","2.0791"
"29900.0","3.4149","2.7661","2.3220"
"29920.0","3.9434","2.7448","2.6168"
"29940.0","4.1327","2.7294","2.8924"
"29960.0","3.6277","2.7170","3.0261"
"29980.0","3.8809","2.7049","3.1815"
"30000.0","4.9194","2.6935","3.4975"
"30020.0","5.3305","2.6864","3.8308"
"30040.0","5.3989","2.6847","4.1159"
"30060.0","4.9676","2.6829","4.2707"
"30080.0","4.9425","2.6804","4.3929"
"30100.0","5.9559","2.6789","4.6771"
"30120.0","5.9392","2.6770","4.9065"
"30140.0","5.7536","2.6804","5.0605"
"30160.0","4.8967","2.6788","5.0308"
"30180.0","5.1466","2.6793","5.0518"
"30200.0","6.0041","2.6813","5.2250"
"30220.0","5.8830","2.6827","5.3446"
"30240.0","5.8224","2.6894","5.4315"
"30260.0","4.9398","2.6933","5.3421"
"30280.0","5.2051","2.6991","5.3172"
"30300.0","5.8217","2.7031","5.4089"
"30320.0","5.9994","2.7092","5.5163"
"30340.0","5.6186","2.7159","5.5349"
"30360.0","5.0095","2.7265","5.4394"
"30380.0","4.9862","2.7343","5.3570"
"30400.0","5.5498","2.7442","5.3920"
"30420.0","5.8050","2.7570","5.4671"
"30440.0","5.0802","2.7654","5.3968"
"30460.0","4.5354","2.7784","5.2402"
"30480.0","4.6116","2.7911","5.1259"
"30500.0","4.8102","2.8017","5.0685"
"30520.0","5.2250","2.8167","5.0969"
"30540.0","4.7782","2.8328","5.0390"
"30560.0","3.7536","2.8477","4.8053"
"30580.0","3.7105","2.8603","4.6062"
"30600.0","4.2400","2.8708","4.5396"
"30620.0","4.4848","2.8833","4.5297"
"30640.0","3.8132","2.8944","4.3994"
"30660.0","3.0035","2.9033","4.1456"
"30680.0","2.9745","2.9090","3.9327"
"30700.0","3.4302","2.9124","3.8413"
"30720.0","3.5269","2.9145","3.7842"
"30740.0","3.0622","2.9159","3.6529"
"30760.0","2.2161","2.9142","3.3917"
"30780.0","2.1027","2.9107","3.1573"
"30800.0","2.9785","2.9061","3.1248"
"30820.0","3.2695","2.9036","3.1511"
"30840.0","3.0343","2.9036","3.1299"
"30860.0","2.1928","2.8987","2.9595"
"30880.0","2.2660","2.8952","2.8334"
"30900.0","3.0509","2.8887","2.8730"
"30920.0","3.1714","2.8841","2.9272"
"30940.0","3.0450","2.8838","2.9486"
"30960.0","2.3912","2.8864","2.8473"
"30980.0","2.6593","2.8949","2.8131"
"31000.0","3.2407","2.9073","2.8909"
"31020.0","3.6312","2.9200","3.0255"
"31040.0","3.1755","2.9331","3.0527"
"31060.0","2.3822","2.9460","2.9308"
"31080.0","2.5680","2.9609","2.8649"
"31100.0","3.4507","2.9778","2.9714"
"31120.0","3.4242","2.9953","3.0537"
"31140.0","2.8006","3.0101","3.0077"
"31160.0","1.5268","3.0190","2.7384"
"31180.0","1.3348","3.0239","2.4832"
"31200.0","1.9993","3.0306","2.3952"
"31220.0","2.1382","3.0389","2.3485"
"31240.0","1.7854","3.0454","2.2461"
"31260.0","0.8668","3.0494","1.9953"
"31280.0","0.9703","3.0545","1.8090"
"31300.0","1.2561","3.0554","1.7084"
"31320.0","1.7668","3.0625","1.7190"
"31340.0","1.2041","3.0651","1.6254"
"31360.0","0.4508","3.0674","1.4119"
"31380.0","0.6023","3.0704","1.2647"
"31400.0","1.1715","3.0746","1.2477"
"31420.0","1.5849","3.0804","1.3090"
"31440.0","1.1232","3.0860","1.2752"
"31460.0","0.3105","3.0896","1.0998"
"31480.0","0.4340","3.0946","0.9788"
"31500.0","0.8096","3.0992","0.9480"
"31520.0","1.2428","3.1060","1.0016"
"31540.0","0.7533","3.1106","0.9565"
"31560.0","0.1390","3.1153","0.8078"
"31580.0","0.1004","3.1158","0.6792"
"31600.0","0.6599","3.1037","0.6757"
"31620.0","0.9090","3.0908","0.7181"
"31640.0","0.4787","3.0863","0.6746"
"31660.0","-0.1206","3.0806","0.5300"
"31680.0","-0.3461","3.0679","0.3707"
"31700.0","0.3461","3.0541","0.3662"
"31720.0","0.6068","3.0424","0.4100"
"31740.0","0.3727","3.0297","0.4032"
"31760.0","0.2070","3.0191","0.3675"
"31780.0","1.2154","3.0143","0.5217"
"31800.0","1.7045","3.0092","0.7368"
"31820.0","1.3167","2.9937","0.8422"
"31840.0","1.1509","2.9804","0.8983"
"31860.0","0.7405","2.9648","0.8696"
"31880.0","0.7803","2.9458","0.8534"
"31900.0","1.7565","2.9292","1.0176"
"31920.0","2.1329","2.9111","1.2204"
"31940.0","2.1113","2.8909","1.3824"
"31960.0","1.3581","2.8682","1.3780"
"31980.0","1.8560","2.8479","1.4649"
"32000.0","2.4734","2.8235","1.6482"
"32020.0","3.0135","2.8003","1.8965"
"32040.0","2.9351","2.7757","2.0853"
"32060.0","2.5367","2.7514","2.1674"
"32080.0","2.8441","2.7304","2.2904"
"32100.0","3.7008","2.7078","2.5469"
"32120.0","4.6443","2.6949","2.9282"
"32140.0","4.5724","2.6831","3.2271"
"32160.0","3.8622","2.6727","3.3426"
"32180.0","4.2415","2.6637","3.5060"
"32200.0","5.1772","2.6554","3.8099"
"32220.0","5.9199","2.6558","4.1935"
"32240.0","5.7374","2.6549","4.4742"
"32260.0","4.6987","2.6525","4.5151"
"32280.0","5.0354","2.6508","4.6097"
"32300.0","5.7152","2.6498","4.8107"
"32320.0","6.1326","2.6511","5.0510"
"32340.0","5.6081","2.6510","5.1523"
"32360.0","4.8785","2.6497","5.1025"
"32380.0","4.9497","2.6493","5.0747"
"32400.0","5.6699","2.6505","5.1830"
"32420.0","6.1654","2.6541","5.3616"
"32440.0","5.6381","2.6597","5.4119"
"32460.0","4.9444","2.6638","5.3269"
"32480.0","4.9032","2.6667","5.2498"
"32500.0","5.9032","2.6776","5.3686"
"32520.0","6.0557","2.6859","5.4936"
"32540.0","5.9038","2.6972","5.5681"
"32560.0","4.9346","2.7090","5.4530"
"32580.0","4.7172","2.7191","5.3192"
"32600.0","5.5279","2.7319","5.3571"
"32620.0","5.5801","2.7429","5.3977"
"32640.0","5.4113","2.7589","5.4001"
"32660.0","4.3360","2.7722","5.2067"
"32680.0","4.0886","2.7833","5.0034"
"32700.0","5.1565","2.8006","5.0312"
"32720.0","5.0740","2.8161","5.0390"
"32740.0","4.5657","2.8311","4.9529"
"32760.0","3.7210","2.8462","4.7290"
"32780.0","3.6445","2.8616","4.5318"
"32800.0","3.8055","2.8698","4.3997"
"32820.0","4.3143","2.8803","4.3842"
"32840.0","3.9013","2.8890","4.2964"
"32860.0","2.7245","2.8943","4.0106"
"32880.0","2.8453","2.9001","3.7987"
"32900.0","2.8720","2.8983","3.6302"
"32920.0","3.4562","2.9011","3.5986"
"32940.0","3.1511","2.9022","3.5172"
"32960.0","2.1499","2.8998","3.2686"
"32980.0","2.2401","2.8956","3.0816"
"33000.0","2.7983","2.8912","3.0301"
"33020.0","3.1754","2.8866","3.0565"
"33040.0","3.0749","2.8856","3.0599"
"33060.0","2.2820","2.8846","2.9184"
"33080.0","2.3122","2.8820","2.8082"
"33100.0","2.7168","2.8747","2.7916"
"33120.0","3.4157","2.8746","2.9051"
"33140.0","3.0574","2.8772","2.9328"
"33160.0","2.3985","2.8859","2.8356"
"33180.0","2.5610","2.8982","2.7857"
"33200.0","3.0869","2.9090","2.8404"
"33220.0","3.6083","2.9237","2.9801"
"33240.0","3.1997","2.9379","3.0200"
"33260.0","2.6259","2.9555","2.9483"
"33280.0","2.7051","2.9728","2.9041"
"33300.0","3.1488","2.9918","2.9486"
"33320.0","3.0006","3.0041","2.9581"
"33340.0","2.3736","3.0158","2.8518"
"33360.0","1.5865","3.0271","2.6218"
"33380.0","1.3326","3.0344","2.3874"
"33400.0","1.8590","3.0413","2.2913"
"33420.0","1.9775","3.0452","2.2342"
"33440.0","1.5309","3.0493","2.1064"
"33460.0","0.9037","3.0553","1.8877"
"33480.0","0.8226","3.0591","1.6941"
"33500.0","1.3981","3.0650","1.6402"
"33520.0","1.6963","3.0696","1.6504"
"33540.0","1.1981","3.0740","1.5682"
"33560.0","0.6424","3.0790","1.3999"
"33580.0","0.5447","3.0835","1.2444"
"33600.0","0.8449","3.0853","1.1717"
"33620.0","1.3236","3.0895","1.1993"
"33640.0","1.1513","3.0962","1.1906"
"33660.0","0.4022","3.1014","1.0473"
"33680.0","0.2676","3.1076","0.9055"
"33700.0","0.6930","3.1110","0.8669"
"33720.0","1.0817","3.1158","0.9059"
"33740.0","0.6533","3.1186","0.8600"
"33760.0","-0.0795","3.1157","0.6892"
"33780.0","-0.1052","3.1025","0.5447"
"33800.0","0.2210","3.0877","0.4859"
"33820.0","0.5916","3.0804","0.5051"
"33840.0","0.3328","3.0723","0.4738"
"33860.0","-0.0461","3.0644","0.3792"
"33880.0","-0.1804","3.0548","0.2775"
"33900.0","0.0765","3.0380","0.2409"
"33920.0","0.5094","3.0217","0.2897"
"33940.0","1.3584","3.0142","0.4840"
"33960.0","1.4501","3.0151","0.6597"
"33980.0","1.0343","3.0069","0.7278"
"34000.0","0.9161","2.9913","0.7620"
